"place","pop1980","pop2000","pop2010","pop2023","pop2024","pop2030","pop2050","country","area","landAreaKm","cca2","cca3","unMember","netChange","growthRate","worldPercentage","density","densityMi","rank","cca2Disp","countryDisp","pop2024Disp","pop2023Disp","areaDisp","landAreaKmDisp","densityDisp","growthRateDisp","worldPercentageDisp","rankDisp","unMemberDisp"
356,696828385,1059633675,1240613620,1428627663,1441719852,1514994080,1670490596,"India",3287590,2973190,"IN","IND",true,0.4114,0.0092,0.1801,484.9067,1255.9084,1,[object Object],[object Object],[object Object],"1,428,627,663","3.3M","3M","485",[object Object],[object Object],1,[object Object]
156,982372466,1264099069,1348191368,1425671352,1425178782,1415605906,1312636325,"China",9706961,9424702.9,"CN","CHN",true,-0.0199,-0.0003,0.178,151.2174,391.653,2,[object Object],[object Object],[object Object],"1,425,671,352","9.7M","9.4M","151",[object Object],[object Object],2,[object Object]
840,223140018,282398554,311182845,339996563,341814420,352162301,375391963,"United States",9372610,9147420,"US","USA",true,0.0571,0.0053,0.0427,37.3673,96.7813,3,[object Object],[object Object],[object Object],"339,996,563","9.4M","9.1M","37",[object Object],[object Object],3,[object Object]
360,148177096,214072421,244016173,277534122,279798049,292150100,317225213,"Indonesia",1904569,1877519,"ID","IDN",true,0.0707,0.0082,0.035,149.0254,385.9758,4,[object Object],[object Object],[object Object],"277,534,122","1.9M","1.9M","149",[object Object],[object Object],4,[object Object]
586,80624057,154369924,194454498,240485658,245209815,274029836,367808468,"Pakistan",881912,770880,"PK","PAK",true,0.1499,0.0196,0.0306,318.0908,823.8551,5,[object Object],[object Object],[object Object],"240,485,658","881.9K","770.9K","318",[object Object],[object Object],5,[object Object]
566,72951439,122851984,160952853,223804632,229152217,262580425.99999997,377459883,"Nigeria",923768,910770,"NG","NGA",true,0.1709,0.0239,0.0286,251.6027,651.6511,6,[object Object],[object Object],[object Object],"223,804,632","923.8K","910.8K","252",[object Object],[object Object],6,[object Object]
76,122288383,175873720,196353492,216422446,217637297,223908968,230885725,"Brazil",8515767,8358140,"BR","BRA",true,0.0377,0.0056,0.0272,26.039,67.4409,7,[object Object],[object Object],[object Object],"216,422,446","8.5M","8.4M","26",[object Object],[object Object],7,[object Object]
50,83929765,129193327,148391139,172954319,174701211,184424144,203904900,"Bangladesh",147570,130170,"BD","BGD",true,0.055,0.0101,0.0218,1342.1004,3476.0401,8,[object Object],[object Object],[object Object],"172,954,319","147.6K","130.2K","1,342",[object Object],[object Object],8,[object Object]
643,138257420,146844839,143242599,144444359,143957079,141432741,133133035,"Russia",17098242,16376870,"RU","RUS",true,-0.0151,-0.0034,0.018,8.7903,22.7668,9,[object Object],[object Object],[object Object],"144,444,359","17.1M","16.4M","9",[object Object],[object Object],9,[object Object]
231,34945469,67031867,89237791,126527060,129719719,149296378,214812309,"Ethiopia",1104300,1128571.3,"ET","ETH",true,0.1016,0.0252,0.0162,114.9415,297.6986,10,[object Object],[object Object],[object Object],"126,527,060","1.1M","1.1M","115",[object Object],[object Object],10,[object Object]
484,67705186,97873442,112532401,128455567,129388467,134534107,143772364,"Mexico",1964375,1943950,"MX","MEX",true,0.0292,0.0073,0.0162,66.5596,172.3893,11,[object Object],[object Object],[object Object],"128,455,567","2M","1.9M","67",[object Object],[object Object],11,[object Object]
392,117624196,126803861,128105431,123294513,122631432,118514802,103784357,"Japan",377930,364500,"JP","JPN",true,-0.0211,-0.0054,0.0153,336.4374,871.3729,12,[object Object],[object Object],[object Object],"123,294,513","377.9K","364.5K","336",[object Object],[object Object],12,[object Object]
608,48419546,77958223,94636700,117337368,119106224,129453321,157891622,"Philippines",342353,298170,"PH","PHL",true,0.056,0.0151,0.0149,399.4574,1034.5948,13,[object Object],[object Object],[object Object],"117,337,368","342.4K","298.2K","399",[object Object],[object Object],13,[object Object]
818,43748556,71371371,87252413,112716598,114484252,125151725,160339889,"Egypt",1002450,995450,"EG","EGY",true,0.0569,0.0157,0.0143,115.0075,297.8695,14,[object Object],[object Object],[object Object],"112,716,598","1M","1M","115",[object Object],[object Object],14,[object Object]
180,26708686,48616317,66391257,102262808,105625114,127582053,217494003,"DR Congo",2344858,2267050,"CD","COD",true,0.1081,0.0329,0.0132,46.5914,120.6718,15,[object Object],[object Object],[object Object],"102,262,808","2.3M","2.3M","47",[object Object],[object Object],15,[object Object]
704,52968270,79001142,87411012,98858950,99497680,102699905,107012939,"Vietnam",331212,313429,"VN","VNM",true,0.0197,0.0065,0.0124,317.4489,822.1926,16,[object Object],[object Object],[object Object],"98,858,950","331.2K","313.4K","317",[object Object],[object Object],16,[object Object]
364,38520664,65544383,75373855,89172767,89809781,92921017,99007204,"Iran",1648195,1622500,"IR","IRN",true,0.0196,0.0071,0.0112,55.3527,143.3635,17,[object Object],[object Object],[object Object],"89,172,767","1.6M","1.6M","55",[object Object],[object Object],17,[object Object]
792,44089069,64113547,73195345,85816199,86260417,88879698,95829258,"Turkey",783562,783562,"TR","TUR",true,0.0139,0.0052,0.0108,110.0875,285.1267,18,[object Object],[object Object],[object Object],"85,816,199","783.6K","783.6K","110",[object Object],[object Object],18,[object Object]
276,77786703,81551677,81325090,83294633,83252474,82762675,78932228,"Germany",357114,349390,"DE","DEU",true,-0.0015,-0.0005,0.0104,238.2795,617.1439,19,[object Object],[object Object],[object Object],"83,294,633","357.1K","349.4K","238",[object Object],[object Object],19,[object Object]
764,45737753,63066603,68270489,71801279,71885799,72060018,67880083,"Thailand",513120,510890,"TH","THA",true,0.0023,0.0012,0.009,140.707,364.4311,20,[object Object],[object Object],[object Object],"71,801,279","513.1K","510.9K","141",[object Object],[object Object],20,[object Object]
834,19297659,34463704,45110527,67438106,69419073,81885304,129931520,"Tanzania",945087,885800,"TZ","TZA",true,0.0633,0.0294,0.0087,78.3688,202.9752,21,[object Object],[object Object],[object Object],"67,438,106","945.1K","885.8K","78",[object Object],[object Object],21,[object Object]
826,56326328,58850043,62760039,67736802,67961439,69175770,71684966,"United Kingdom",242900,241930,"GB","GBR",true,0.0071,0.0033,0.0085,280.9136,727.5663,22,[object Object],[object Object],[object Object],"67,736,802","242.9K","241.9K","281",[object Object],[object Object],22,[object Object]
250,53713830,58665453,62444567,64756584,64881830,65543452.00000001,65827072,"France",551695,547557,"FR","FRA",true,0.0039,0.0019,0.0081,118.4933,306.8976,23,[object Object],[object Object],[object Object],"64,756,584","551.7K","547.6K","118",[object Object],[object Object],23,[object Object]
710,29463549,46813266,51784921,60414495,61020221,64659278,73529753,"South Africa",1221037,1213090,"ZA","ZAF",true,0.0211,0.01,0.0076,50.3015,130.2808,24,[object Object],[object Object],[object Object],"60,414,495","1.2M","1.2M","50",[object Object],[object Object],24,[object Object]
380,56329482,56966397,59822450,58870762,58697744,57544258,52250484,"Italy",301336,295717,"IT","ITA",true,-0.0056,-0.0029,0.0073,198.493,514.0968,25,[object Object],[object Object],[object Object],"58,870,762","301.3K","295.7K","198",[object Object],[object Object],25,[object Object]
404,16187124,30851606,41517895,55100586,56203030,63103942,85211739,"Kenya",580367,569140,"KE","KEN",true,0.0353,0.02,0.007,98.7508,255.7646,26,[object Object],[object Object],[object Object],"55,100,586","580.4K","569.1K","99",[object Object],[object Object],26,[object Object]
104,33465781.000000004,45538332,49390988,54577997,54964694,56987625,59929399,"Myanmar",676578,652670,"MM","MMR",true,0.012,0.0071,0.0069,84.2151,218.1172,27,[object Object],[object Object],[object Object],"54,577,997","676.6K","652.7K","84",[object Object],[object Object],27,[object Object]
170,26176195,39215135,44816108,52085168,52340774,54129764,56987651,"Colombia",1141748,1109500,"CO","COL",true,0.0082,0.0049,0.0065,47.1751,122.1835,28,[object Object],[object Object],[object Object],"52,085,168","1.1M","1.1M","47",[object Object],[object Object],28,[object Object]
410,38170501,46788591,48813042,51784059,51741963,51290214,45770874,"South Korea",100210,97600,"KR","KOR",true,-0.0015,-0.0008,0.0065,530.1431,1373.0705,29,[object Object],[object Object],[object Object],"51,784,059","100.2K","97.6K","530",[object Object],[object Object],29,[object Object]
800,13284026,24020697,32341728,48582334,49924252,58380262,87622081,"Uganda",241550,200520,"UG","UGA",true,0.0428,0.0276,0.0062,248.9739,644.8425,30,[object Object],[object Object],[object Object],"48,582,334","241.6K","200.5K","249",[object Object],[object Object],30,[object Object]
729,16673586,26298773,33739933,48109006,49358228,56997099,84494269,"Sudan",1886068,1868000,"SD","SDN",true,0.0397,0.026,0.0062,26.423,68.4357,31,[object Object],[object Object],[object Object],"48,109,006","1.9M","1.9M","26",[object Object],[object Object],31,[object Object]
724,37491666,40741651,46572772,47519628,47473373,47076573,44219565,"Spain",505992,499556.6,"ES","ESP",true,-0.0016,-0.001,0.0059,95.031,246.1303,32,[object Object],[object Object],[object Object],"47,519,628","506K","499.6K","95",[object Object],[object Object],32,[object Object]
368,13653369,24628858,31264875,45504560,46523657,52800825,74515140,"Iraq",438317,434128,"IQ","IRQ",true,0.0324,0.0224,0.0058,107.1658,277.5593,33,[object Object],[object Object],[object Object],"45,504,560","438.3K","434.1K","107",[object Object],[object Object],33,[object Object]
12,18739378,30774621,35856344,45606480,46278751,49787283,60001113,"Algeria",2381741,2381741,"DZ","DZA",true,0.0208,0.0147,0.0058,19.4306,50.3254,34,[object Object],[object Object],[object Object],"45,606,480","2.4M","2.4M","19",[object Object],[object Object],34,[object Object]
32,28024803,37070774,41100123,45773884,46057866,47678560,51621175,"Argentina",2780400,2736690,"AR","ARG",true,0.0089,0.0062,0.0058,16.8298,43.5891,35,[object Object],[object Object],[object Object],"45,773,884","2.8M","2.7M","17",[object Object],[object Object],35,[object Object]
4,12486631,19542982,28189672,42239854,43372950,50330837,74075234,"Afghanistan",652230,652230,"AF","AFG",true,0.0361,0.0268,0.0054,66.4995,172.2336,36,[object Object],[object Object],[object Object],"42,239,854","652.2K","652.2K","66",[object Object],[object Object],36,[object Object]
616,35521429,38504431,38597353,41026067,40221726,38700518,34932339,"Poland",312679,306130,"PL","POL",true,-0.0224,-0.0196,0.005,131.3877,340.2942,37,[object Object],[object Object],[object Object],"41,026,067","312.7K","306.1K","131",[object Object],[object Object],37,[object Object]
124,24511510,30683313,33963412,38781291,39107046,41008596,45890819,"Canada",9984670,8965590,"CA","CAN",true,0.0103,0.0084,0.0049,4.3619,11.2973,38,[object Object],[object Object],[object Object],"38,781,291","10M","9M","4",[object Object],[object Object],38,[object Object]
504,19678444,28554415,32464865,37840044,38211459,40226395,45044990,"Morocco",446550,446300,"MA","MAR",true,0.0116,0.0098,0.0048,85.6183,221.7515,39,[object Object],[object Object],[object Object],"37,840,044","446.6K","446.3K","86",[object Object],[object Object],39,[object Object]
804,49973920,48879755,45683020,36744634,37937821,38295429,32867718.999999996,"Ukraine",603500,579400,"UA","UKR",true,0.0328,0.0325,0.0047,65.4778,169.5874,40,[object Object],[object Object],[object Object],"36,744,634","603.5K","579.4K","65",[object Object],[object Object],40,[object Object]
24,8330047.000000001,16394062.000000002,23364185,36684202,37804634,44911664,72328068,"Angola",1246700,1246700,"AO","AGO",true,0.0358,0.0305,0.0047,30.3238,78.5385,41,[object Object],[object Object],[object Object],"36,684,202","1.2M","1.2M","30",[object Object],[object Object],41,[object Object]
682,10171710,21547390,29411929,36947025,37473929,40461368,48374543,"Saudi Arabia",2149690,2149690,"SA","SAU",true,0.0165,0.0143,0.0047,17.4322,45.1495,42,[object Object],[object Object],[object Object],"36,947,025","2.1M","2.1M","17",[object Object],[object Object],42,[object Object]
860,15947129,24925554,28614227,35163944,35673804,38313228,45593149,"Uzbekistan",447400,440650,"UZ","UZB",true,0.0157,0.0145,0.0045,80.9572,209.6792,43,[object Object],[object Object],[object Object],"35,163,944","447.4K","440.6K","81",[object Object],[object Object],43,[object Object]
887,9204938,18628700,24743946,34449825,35219853,39923245,55296331,"Yemen",527968,527970,"YE","YEM",true,0.0248,0.0224,0.0044,66.7081,172.7739,44,[object Object],[object Object],[object Object],"34,449,825","528K","528K","67",[object Object],[object Object],44,[object Object]
508,11413587,17768505,23073723,33897354,34858402,40920707,63044497,"Mozambique",801590,786380,"MZ","MOZ",true,0.0307,0.0284,0.0044,44.3277,114.8087,45,[object Object],[object Object],[object Object],"33,897,354","801.6K","786.4K","44",[object Object],[object Object],45,[object Object]
288,11865246,19665502,25574719,34121985,34777522,38775850,52231785,"Ghana",238533,227533,"GH","GHA",true,0.021,0.0192,0.0043,152.8461,395.8713,46,[object Object],[object Object],[object Object],"34,121,985","238.5K","227.5K","153",[object Object],[object Object],46,[object Object]
604,17492406,26654439,29229572,34352719,34683444,36702393,42022554,"Peru",1285216,1280000,"PE","PER",true,0.0105,0.0096,0.0043,27.0964,70.1798,47,[object Object],[object Object],[object Object],"34,352,719","1.3M","1.3M","27",[object Object],[object Object],47,[object Object]
458,13215707,22945150,28717731,34308525,34671895,36687569,41032433,"Malaysia",330803,328550,"MY","MYS",true,0.0114,0.0106,0.0043,105.53,273.3228,48,[object Object],[object Object],[object Object],"34,308,525","330.8K","328.6K","106",[object Object],[object Object],48,[object Object]
524,15600442,24559500,27161567,30896590,31240315,33133394.999999996,37401365,"Nepal",147181,143350,"NP","NPL",true,0.0108,0.0111,0.0039,217.9303,564.4396,49,[object Object],[object Object],[object Object],"30,896,590","147.2K","143.3K","218",[object Object],[object Object],49,[object Object]
450,8948162,16216431,21731053,30325732,31056610,35604443,51592965,"Madagascar",587041,581800,"MG","MDG",true,0.0234,0.0241,0.0039,53.3802,138.2548,50,[object Object],[object Object],[object Object],"30,325,732","587K","581.8K","53",[object Object],[object Object],50,[object Object]
384,8303809.999999999,16799670,21120042,28873034,29603302,34211272,51358243,"Ivory Coast",322463,318000,"CI","CIV",true,0.0233,0.0253,0.0037,93.0921,241.1087,51,[object Object],[object Object],[object Object],"28,873,034","322.5K","318K","93",[object Object],[object Object],51,[object Object]
862,15210443,24427729,28715022,28838499,29395334,32027461,35937404,"Venezuela",916445,882050,"VE","VEN",true,0.0174,0.0193,0.0037,33.3262,86.3147,52,[object Object],[object Object],[object Object],"28,838,499","916.4K","882K","33",[object Object],[object Object],52,[object Object]
120,8519891,15091594,19878036,28647293,29394433,34051103,51279560,"Cameroon",475442,472710,"CM","CMR",true,0.0239,0.0261,0.0037,62.1828,161.0535,53,[object Object],[object Object],[object Object],"28,647,293","475.4K","472.7K","62",[object Object],[object Object],53,[object Object]
562,6173177,11622665,16647543.000000002,27202843,28238972,35217942,67043296,"Niger",1267000,1266700,"NE","NER",true,0.0336,0.0381,0.0035,22.2933,57.7397,54,[object Object],[object Object],[object Object],"27,202,843","1.3M","1.3M","22",[object Object],[object Object],54,[object Object]
36,14706322,19017963,22019168,26439111,26699482,28202414,32192919,"Australia",7692024,7692020,"AU","AUS",true,0.0082,0.0098,0.0033,3.4711,8.9901,55,[object Object],[object Object],[object Object],"26,439,111","7.7M","7.7M","3",[object Object],[object Object],55,[object Object]
408,17973650,23367059,24686435,26160821,26244582,26569401,25807197,"North Korea",120538,120410,"KP","PRK",true,0.0025,0.0032,0.0033,217.9602,564.5168,56,[object Object],[object Object],[object Object],"26,160,821","120.5K","120.4K","218",[object Object],[object Object],56,[object Object]
760,8898954,16307654,22337563,23227014,24348053,29824735,38306374,"Syria",185180,183630,"SY","SYR",true,0.0352,0.0483,0.003,132.593,343.4159,57,[object Object],[object Object],[object Object],"23,227,014","185.2K","183.6K","133",[object Object],[object Object],57,[object Object]
466,7372581,11239101,15529181,23293698,24015789,28712294,47439802,"Mali",1240192,1220190,"ML","MLI",true,0.0233,0.031,0.003,19.682,50.9764,58,[object Object],[object Object],[object Object],"23,293,698","1.2M","1.2M","20",[object Object],[object Object],58,[object Object]
158,18100281,22194731,23083083,23923276,23950214,24027999,22445526,"Taiwan",36193,36197,"TW","TWN",false,0.0008,0.0011,0.003,661.663,1713.7071,59,[object Object],[object Object],[object Object],"23,923,276","36.2K","36.2K","662",[object Object],[object Object],59,[object Object]
854,6932967,11882888,16116845,23251485,23840247,27523563,40541548,"Burkina Faso",272967,273600,"BF","BFA",true,0.0188,0.0253,0.003,87.1354,225.6807,60,[object Object],[object Object],[object Object],"23,251,485","273K","273.6K","87",[object Object],[object Object],60,[object Object]
144,14943645,18776371,20668557,21893579,21949268,22186970,21814985,"Sri Lanka",65610,61860,"LK","LKA",true,0.0017,0.0025,0.0027,354.8217,918.9881,61,[object Object],[object Object],[object Object],"21,893,579","65.6K","61.9K","355",[object Object],[object Object],61,[object Object]
454,6267369,11229387,14718422,20931751,21475962,24944243,37159300,"Malawi",118484,94280,"MW","MWI",true,0.0175,0.026,0.0027,227.7892,589.9739,62,[object Object],[object Object],[object Object],"20,931,751","118.5K","94.3K","228",[object Object],[object Object],62,[object Object]
894,5720438,9891136,13792086,20569737,21134695,24676417,37460435,"Zambia",752612,743390,"ZM","ZMB",true,0.0181,0.0275,0.0026,28.4302,73.6341,63,[object Object],[object Object],[object Object],"20,569,737","752.6K","743.4K","28",[object Object],[object Object],63,[object Object]
398,14172710,15236253,16627837,19606633,19828165,21128221,25609978,"Kazakhstan",2724900,2699700,"KZ","KAZ",true,0.0073,0.0113,0.0025,7.3446,19.0225,64,[object Object],[object Object],[object Object],"19,606,633","2.7M","2.7M","7",[object Object],[object Object],64,[object Object]
152,11469828,15351799,17004162,19629590,19658839,19933769,20675378,"Chile",756102,743532,"CL","CHL",true,0.0009,0.0015,0.0025,26.4398,68.4791,65,[object Object],[object Object],[object Object],"19,629,590","756.1K","743.5K","26",[object Object],[object Object],65,[object Object]
642,22125224,21919876,20335211,19892812,19618996,19023383,17457213,"Romania",238391,230080,"RO","ROU",true,-0.007,-0.0138,0.0025,85.2703,220.8501,66,[object Object],[object Object],[object Object],"19,892,812","238.4K","230.1K","85",[object Object],[object Object],66,[object Object]
148,4408230,8259137.000000001,11894727,18278568,18847148,22460393,36452035,"Chad",1284000,1259200,"TD","TCD",true,0.0182,0.0311,0.0024,14.9676,38.766,67,[object Object],[object Object],[object Object],"18,278,568","1.3M","1.3M","15",[object Object],[object Object],67,[object Object]
706,5892224,8721465,12026649,18143378,18706922,22316857,36462830,"Somalia",637657,627340,"SO","SOM",true,0.0181,0.0311,0.0023,29.8194,77.2323,68,[object Object],[object Object],[object Object],"18,143,378","637.7K","627.3K","30",[object Object],[object Object],68,[object Object]
218,8135845,12626507,14989585,18190484,18377367,19486952,22269779,"Ecuador",276841,248360,"EC","ECU",true,0.0059,0.0103,0.0023,73.9949,191.6467,69,[object Object],[object Object],[object Object],"18,190,484","276.8K","248.4K","74",[object Object],[object Object],69,[object Object]
320,6987767,11735894,14543121,18092026,18358430,20003638,24600727,"Guatemala",108889,107160,"GT","GTM",true,0.0088,0.0147,0.0023,171.3179,443.7135,70,[object Object],[object Object],[object Object],"18,092,026","108.9K","107.2K","171",[object Object],[object Object],70,[object Object]
686,5703869,9704287,12530121,17763163,18221567,21125872,32562869,"Senegal",196722,192530,"SN","SEN",true,0.0147,0.0258,0.0023,94.6427,245.1247,71,[object Object],[object Object],[object Object],"17,763,163","196.7K","192.5K","95",[object Object],[object Object],71,[object Object]
528,14130387,15899135,16617116.999999998,17618299,17671125,17943803,17897025,"Netherlands",41850,33670,"NL","NLD",true,0.0016,0.003,0.0022,524.8329,1359.3173,72,[object Object],[object Object],[object Object],"17,618,299","41.9K","33.7K","525",[object Object],[object Object],72,[object Object]
116,6198959,12118841,14363532,16944826,17121847,18084248,20258435,"Cambodia",181035,176520,"KH","KHM",true,0.0055,0.0104,0.0021,96.9966,251.2213,73,[object Object],[object Object],[object Object],"16,944,826","181K","176.5K","97",[object Object],[object Object],73,[object Object]
716,7049926,11834676,12839771,16665409,17020321,19179393,26438589,"Zimbabwe",390757,386850,"ZW","ZWE",true,0.0113,0.0213,0.0021,43.9972,113.9528,74,[object Object],[object Object],[object Object],"16,665,409","390.8K","386.9K","44",[object Object],[object Object],74,[object Object]
324,4972609,8336967.000000001,10270728,14190612,14528770,16622387.999999998,23711700,"Guinea",245857,245720,"GN","GIN",true,0.0108,0.0238,0.0018,59.1273,153.1398,75,[object Object],[object Object],[object Object],"14,190,612","245.9K","245.7K","59",[object Object],[object Object],75,[object Object]
646,5247532,8109989,10309031,14094683,14414910,16375704,23030046,"Rwanda",26338,24670,"RW","RWA",true,0.0102,0.0227,0.0018,584.3093,1513.361,76,[object Object],[object Object],[object Object],"14,094,683","26.3K","24.7K","584",[object Object],[object Object],76,[object Object]
204,3833939,6998023,9445710,13712828,14080072,16393827.000000002,25264035,"Benin",112622,112760,"BJ","BEN",true,0.0118,0.0268,0.0018,124.8676,323.4071,77,[object Object],[object Object],[object Object],"13,712,828","112.6K","112.8K","125",[object Object],[object Object],77,[object Object]
108,4312834,6307659,9126605,13238559,13591657,15800530,24208671,"Burundi",27834,25680,"BI","BDI",true,0.0113,0.0267,0.0017,529.2701,1370.8096,78,[object Object],[object Object],[object Object],"13,238,559","27.8K","25.7K","529",[object Object],[object Object],78,[object Object]
68,5736088,8592656,10223270,12388571,12567336,13625507,16609854,"Bolivia",1098581,1083300,"BO","BOL",true,0.0057,0.0144,0.0016,11.601,30.0465,79,[object Object],[object Object],[object Object],"12,388,571","1.1M","1.1M","12",[object Object],[object Object],79,[object Object]
788,6578156,9893316,10895063,12458223,12564689,13100768,14315779,"Tunisia",163610,155360,"TN","TUN",true,0.0033,0.0085,0.0016,80.8747,209.4654,80,[object Object],[object Object],[object Object],"12,458,223","163.6K","155.4K","81",[object Object],[object Object],80,[object Object]
332,5646676,8360225,9842880,11724763,11867030,12700006,15087520,"Haiti",27750,27560,"HT","HTI",true,0.0045,0.0121,0.0015,430.5889,1115.2252,81,[object Object],[object Object],[object Object],"11,724,763","27.8K","27.6K","431",[object Object],[object Object],81,[object Object]
56,9828986,10264343,10877947,11686140,11715774,11873460,12090657,"Belgium",30528,30280,"BE","BEL",true,0.0009,0.0025,0.0015,386.9146,1002.1088,82,[object Object],[object Object],[object Object],"11,686,140","30.5K","30.3K","387",[object Object],[object Object],82,[object Object]
214,5755800,8540791,9775755,11332972,11434005,11982523,13180541,"Dominican Republic",48671,48310,"DO","DOM",true,0.0032,0.0089,0.0014,236.6799,613.0009,83,[object Object],[object Object],[object Object],"11,332,972","48.7K","48.3K","237",[object Object],[object Object],83,[object Object]
400,2216903,5056174,6931258,11337052,11384922,11933395,15005941,"Jordan",89342,88794,"JO","JOR",true,0.0017,0.0042,0.0014,128.2172,332.0827,84,[object Object],[object Object],[object Object],"11,337,052","89.3K","88.8K","128",[object Object],[object Object],84,[object Object]
728,4192011.9999999995,6114440,9714419,11088796,11277092,12570402,17460846,"South Sudan",619745,631930,"SS","SSD",true,0.0061,0.017,0.0014,17.8455,46.2198,85,[object Object],[object Object],[object Object],"11,088,796","619.7K","631.9K","18",[object Object],[object Object],85,[object Object]
192,9809107,11105791,11290417,11194449,11174587,11016041,10028085,"Cuba",109884,103800,"CU","CUB",true,-0.0007,-0.0018,0.0014,107.655,278.8264,86,[object Object],[object Object],[object Object],"11,194,449","109.9K","103.8K","108",[object Object],[object Object],86,[object Object]
340,3777990,6656725,8450933,10593798,10759406,11724522,14258514,"Honduras",112492,111890,"HN","HND",true,0.0052,0.0156,0.0013,96.1606,249.0559,87,[object Object],[object Object],[object Object],"10,593,798","112.5K","111.9K","96",[object Object],[object Object],87,[object Object]
752,8311763.000000001,8871043,9381729,10612086,10673669,11007228,11902033,"Sweden",450295,407283.5,"SE","SWE",true,0.0019,0.0058,0.0013,26.207,67.8761,88,[object Object],[object Object],[object Object],"10,612,086","450.3K","407.3K","26",[object Object],[object Object],88,[object Object]
598,3104788,5508297,7583269,10329931,10515788,11615322,14910369,"Papua New Guinea",462840,452860,"PG","PNG",true,0.0059,0.018,0.0013,23.2208,60.142,89,[object Object],[object Object],[object Object],"10,329,931","462.8K","452.9K","23",[object Object],[object Object],89,[object Object]
203,10270060,10234710,10464749,10495295,10503734,10515199,10577126,"Czech Republic",78865,77198.5,"CZ","CZE",true,0.0002,0.0008,0.0013,136.0614,352.399,90,[object Object],[object Object],[object Object],"10,495,295","78.9K","77.2K","136",[object Object],[object Object],90,[object Object]
31,6383060,8190337,9237202,10412651,10462904,10711138,10867296,"Azerbaijan",86600,82646,"AZ","AZE",true,0.0015,0.0048,0.0013,126.599,327.8915,91,[object Object],[object Object],[object Object],"10,412,651","86.6K","82.6K","127",[object Object],[object Object],91,[object Object]
762,4045965,6272998,7621779,10143543,10331513,11421430,15200989,"Tajikistan",143100,138790,"TJ","TJK",true,0.0059,0.0185,0.0013,74.4399,192.7993,92,[object Object],[object Object],[object Object],"10,143,543","143.1K","138.8K","74",[object Object],[object Object],92,[object Object]
300,9307148,11038109,11033783,10341277,10302720,10059703,9144951,"Greece",131990,128900,"GR","GRC",true,-0.0012,-0.0037,0.0013,79.928,207.0135,93,[object Object],[object Object],[object Object],"10,341,277","132K","128.9K","80",[object Object],[object Object],93,[object Object]
620,9785252,10300626,10588401,10247605,10223349,10062183,9261305,"Portugal",92090,91605.6,"PT","PRT",true,-0.0008,-0.0024,0.0013,111.6018,289.0486,94,[object Object],[object Object],[object Object],"10,247,605","92.1K","91.6K","112",[object Object],[object Object],94,[object Object]
348,10698679,10202055,9986825,10156239,9994993,9642912,8817396,"Hungary",93028,91260,"HU","HUN",true,-0.0045,-0.0159,0.0012,109.5222,283.6624,95,[object Object],[object Object],[object Object],"10,156,239","93K","91.3K","110",[object Object],[object Object],95,[object Object]
784,1014048,3275333,8481771,9516871,9591853,10004319,11449471,"United Arab Emirates",83600,71020,"AE","ARE",true,0.0024,0.0079,0.0012,135.0585,349.8015,96,[object Object],[object Object],[object Object],"9,516,871","83.6K","71K","135",[object Object],[object Object],96,[object Object]
112,9817257,10256483,9731427,9498238,9455037,9206170,8409632,"Belarus",207600,202980,"BY","BLR",true,-0.0014,-0.0045,0.0012,46.5811,120.6451,97,[object Object],[object Object],[object Object],"9,498,238","207.6K","203K","47",[object Object],[object Object],97,[object Object]
376,3744608,6116958,7328445,9174520,9311652,10134951,12991790,"Israel",20770,21640,"IL","ISR",true,0.0043,0.0149,0.0012,430.2982,1114.4722,98,[object Object],[object Object],[object Object],"9,174,520","20.8K","21.6K","430",[object Object],[object Object],98,[object Object]
768,2838110,5008035,6571855,9053799,9260864,10558178,15478883,"Togo",56785,54390,"TG","TGO",true,0.0066,0.0229,0.0012,170.2678,440.9935,99,[object Object],[object Object],[object Object],"9,053,799","56.8K","54.4K","170",[object Object],[object Object],99,[object Object]
694,3367477,4584067,6436698,8791092,8977972,10105188,13595023,"Sierra Leone",71740,72180,"SL","SLE",true,0.0059,0.0213,0.0011,124.3831,322.1522,100,[object Object],[object Object],[object Object],"8,791,092","71.7K","72.2K","124",[object Object],[object Object],100,[object Object]
40,7547561,8010428,8362829,8958960,8977139,9054576,8924190,"Austria",83871,82520,"AT","AUT",true,0.0006,0.002,0.0011,108.7874,281.7595,101,[object Object],[object Object],[object Object],"8,958,960","83.9K","82.5K","109",[object Object],[object Object],101,[object Object]
756,6319113,7182059,7822435,8796669,8851431,9143698,9753753,"Switzerland",41284,39516,"CH","CHE",true,0.0017,0.0062,0.0011,223.9961,580.15,102,[object Object],[object Object],[object Object],"8,796,669","41.3K","39.5K","224",[object Object],[object Object],102,[object Object]
418,3297519,5430853,6323418,7633779,7736681,8321287,9775552,"Laos",236800,230800,"LA","LAO",true,0.0032,0.0135,0.001,33.5211,86.8198,103,[object Object],[object Object],[object Object],"7,633,779","236.8K","230.8K","34",[object Object],[object Object],103,[object Object]
344,4978544,6731195,7132438,7491609,7496681,7485887,6975391,"Hong Kong",1104,1050,"HK","HKG",false,0.0001,0.0007,0.0009,7139.6962,18491.8131,104,[object Object],[object Object],[object Object],"7,491,609","1.1K","1.1K","7,140",[object Object],[object Object],104,[object Object]
558,3303309,5123222,5855734,7046310,7142529,7688686,9094641,"Nicaragua",130373,120340,"NI","NIC",true,0.003,0.0137,0.0009,59.3529,153.724,105,[object Object],[object Object],[object Object],"7,046,310","130.4K","120.3K","59",[object Object],[object Object],105,[object Object]
688,7777010,7935022,7653748,7149077,7097028,6832604,5777806,"Serbia",88361,87460,"RS","SRB",true,-0.0013,-0.0073,0.0009,81.146,210.1681,106,[object Object],[object Object],[object Object],"7,149,077","88.4K","87.5K","81",[object Object],[object Object],106,[object Object]
434,2962720,5154790,6491988,6888388,6964197,7394813,8539976,"Libya",1759540,1759540,"LY","LBY",true,0.0024,0.011,0.0009,3.958,10.2511,107,[object Object],[object Object],[object Object],"6,888,388","1.8M","1.8M","4",[object Object],[object Object],107,[object Object]
600,3078912,5123819,5768613,6861524,6947270,7425448,8591486,"Paraguay",406752,397300,"PY","PRY",true,0.0027,0.0125,0.0009,17.4862,45.2893,108,[object Object],[object Object],[object Object],"6,861,524","406.8K","397.3K","17",[object Object],[object Object],108,[object Object]
417,3691209,4935182,5483774,6735347,6839606,7435378,9426858,"Kyrgyzstan",199951,191800,"KG","KGZ",true,0.0033,0.0155,0.0009,35.6601,92.3596,109,[object Object],[object Object],[object Object],"6,735,347","200K","191.8K","36",[object Object],[object Object],109,[object Object]
100,8980606,8097691,7592273,6687717,6618615,6290166,5187392,"Bulgaria",110879,108560,"BG","BGR",true,-0.0017,-0.0103,0.0008,60.9673,157.9054,110,[object Object],[object Object],[object Object],"6,687,717","110.9K","108.6K","61",[object Object],[object Object],110,[object Object]
795,2862903,4569132,5267970,6516100,6598071,7034758,8263833.000000001,"Turkmenistan",488100,469930,"TM","TKM",true,0.0025,0.0126,0.0008,14.0405,36.365,111,[object Object],[object Object],[object Object],"6,516,100","488.1K","469.9K","14",[object Object],[object Object],111,[object Object]
222,4508992,5958482,6114034,6364943,6396289,6554224,6636854,"El Salvador",21041,20720,"SV","SLV",true,0.001,0.0049,0.0008,308.7012,799.5361,112,[object Object],[object Object],[object Object],"6,364,943","21K","20.7K","309",[object Object],[object Object],112,[object Object]
178,1829256,3134030,4437884,6106869,6244547,7114987,10378912,"Republic of the Congo",342000,341500,"CG","COG",true,0.0044,0.0225,0.0008,18.2856,47.3598,113,[object Object],[object Object],[object Object],"6,106,869","342K","341.5K","18",[object Object],[object Object],113,[object Object]
702,2400729,4053602,5163590,6014723,6052709,6251988,6337235,"Singapore",710,718,"SG","SGP",true,0.0012,0.0063,0.0008,8429.9568,21833.5882,114,[object Object],[object Object],[object Object],"6,014,723","710","718","8,430",[object Object],[object Object],114,[object Object]
208,5125392,5340655,5550849,5910913,5939695,6104474,6445109,"Denmark",43094,40000,"DK","DNK",true,0.0009,0.0049,0.0007,148.4924,384.5953,115,[object Object],[object Object],[object Object],"5,910,913","43.1K","40K","148",[object Object],[object Object],115,[object Object]
140,2415276,3759170,4660067,5742315,5915627,7104274,11533423,"Central African Republic",622984,622980,"CF","CAF",true,0.0056,0.0302,0.0007,9.4957,24.5938,116,[object Object],[object Object],[object Object],"5,742,315","623K","623K","9",[object Object],[object Object],116,[object Object]
703,4973883,5376690,5396424,5795199,5702832,5555114,5186967,"Slovakia",49037,49035,"SK","SVK",true,-0.0025,-0.0159,0.0007,116.3013,301.2202,117,[object Object],[object Object],[object Object],"5,795,199","49K","49K","116",[object Object],[object Object],117,[object Object]
246,4779418,5176209,5363271,5545475,5549886,5565475,5460917,"Finland",338424,303940,"FI","FIN",true,0.0001,0.0008,0.0007,18.2598,47.2929,118,[object Object],[object Object],[object Object],"5,545,475","338.4K","303.9K","18",[object Object],[object Object],118,[object Object]
430,1932169,2895224,4019956,5418377,5536949,6282074,8890700,"Liberia",111369,96320,"LR","LBR",true,0.0038,0.0219,0.0007,57.4849,148.886,119,[object Object],[object Object],[object Object],"5,418,377","111.4K","96.3K","57",[object Object],[object Object],119,[object Object]
578,4085776,4491202,4889741,5474360,5514477,5748397,6367559,"Norway",323802,364285,"NO","NOR",true,0.0013,0.0073,0.0007,15.1378,39.2069,120,[object Object],[object Object],[object Object],"5,474,360","323.8K","364.3K","15",[object Object],[object Object],120,[object Object]
275,1453620,3139954,3992278,5371230,5494963,6256949,8861747,"Palestine",6220,6020,"PS","PSE",true,0.004,0.023,0.0007,912.7846,2364.112,121,[object Object],[object Object],[object Object],"5,371,230","6.2K","6K","913",[object Object],[object Object],121,[object Object]
554,3147168,3855266,4346338,5228100,5269939,5495670,5949002,"New Zealand",270467,263310,"NZ","NZL",true,0.0013,0.008,0.0007,20.0142,51.8368,122,[object Object],[object Object],[object Object],"5,228,100","270.5K","263.3K","20",[object Object],[object Object],122,[object Object]
188,2414303,3979193,4622252,5212173,5246714,5432243,5702525,"Costa Rica",51100,51060,"CR","CRI",true,0.0011,0.0066,0.0007,102.7559,266.1377,123,[object Object],[object Object],[object Object],"5,212,173","51.1K","51.1K","103",[object Object],[object Object],123,[object Object]
422,2963702,4320642,4995800,5353930,5219044,4714240,4937579,"Lebanon",10452,10230,"LB","LBN",true,-0.004,-0.0252,0.0007,510.1705,1321.3415,124,[object Object],[object Object],[object Object],"5,353,930","10.5K","10.2K","510",[object Object],[object Object],124,[object Object]
372,3391387,3768950,4524585,5056935,5089478,5266881,5724686,"Ireland",70273,68890,"IE","IRL",true,0.001,0.0064,0.0006,73.8783,191.3449,125,[object Object],[object Object],[object Object],"5,056,935","70.3K","68.9K","74",[object Object],[object Object],125,[object Object]
478,1506694,2695003,3419461,4862989,4993922,5830563,8914673,"Mauritania",1030700,1030700,"MR","MRT",true,0.0042,0.0269,0.0006,4.8452,12.549,126,[object Object],[object Object],[object Object],"4,862,989","1M","1M","5",[object Object],[object Object],126,[object Object]
512,1017462,2344253,2881914,4644384,4713553,5093376,6328978,"Oman",309500,309500,"OM","OMN",true,0.0022,0.0149,0.0006,15.2296,39.4446,127,[object Object],[object Object],[object Object],"4,644,384","309.5K","309.5K","15",[object Object],[object Object],127,[object Object]
591,1956987,3001731,3623617,4468087,4527961,4864126,5736121,"Panama",75417,74180,"PA","PAN",true,0.0019,0.0134,0.0006,61.0402,158.0941,128,[object Object],[object Object],[object Object],"4,468,087","75.4K","74.2K","61",[object Object],[object Object],128,[object Object]
414,1493870,1934901,2943356,4310108,4349380,4564570,5155414,"Kuwait",17818,17820,"KW","KWT",true,0.0012,0.0091,0.0005,244.073,632.1489,129,[object Object],[object Object],[object Object],"4,310,108","17.8K","17.8K","244",[object Object],[object Object],129,[object Object]
191,4680144,4548434,4368682,4008617,3986627,3850140,3333425,"Croatia",56594,55960,"HR","HRV",true,-0.0007,-0.0055,0.0005,71.2407,184.5133,130,[object Object],[object Object],[object Object],"4,008,617","56.6K","56K","71",[object Object],[object Object],130,[object Object]
232,1657982,2392880,3147727,3748901,3817651,4283355,5964021,"Eritrea",117600,121040.8,"ER","ERI",true,0.0022,0.0183,0.0005,31.5402,81.6891,131,[object Object],[object Object],[object Object],"3,748,901","117.6K","121K","32",[object Object],[object Object],131,[object Object]
268,5145843,4265172,3836831,3728282,3717425,3657494,3384660,"Georgia",69700,69490,"GE","GEO",true,-0.0002,-0.0029,0.0005,53.4958,138.5542,132,[object Object],[object Object],[object Object],"3,728,282","69.7K","69.5K","53",[object Object],[object Object],132,[object Object]
496,1697780,2450979,2702520,3447157,3493629,3736327,4518856,"Mongolia",1564110,1557506.8,"MN","MNG",true,0.0014,0.0135,0.0004,2.2431,5.8096,133,[object Object],[object Object],[object Object],"3,447,157","1.6M","1.6M","2",[object Object],[object Object],133,[object Object]
858,2953750,3292224,3352651,3423108,3423316,3423372,3337143,"Uruguay",181034,175020,"UY","URY",true,0,0.0001,0.0004,19.5596,50.6593,134,[object Object],[object Object],[object Object],"3,423,108","181K","175K","20",[object Object],[object Object],134,[object Object]
498,4103240,4251573,3678186,3435931,3329865,3174727,2997532,"Moldova",33846,32884.6,"MD","MDA",true,-0.0028,-0.0309,0.0004,101.2591,262.2611,135,[object Object],[object Object],[object Object],"3,435,931","33.8K","32.9K","101",[object Object],[object Object],135,[object Object]
630,3214568,3827108,3717922,3260314,3268802,3259722,2727624,"Puerto Rico",8870,8870,"PR","PRI",false,0.0002,0.0026,0.0004,368.5233,954.4754,136,[object Object],[object Object],[object Object],"3,260,314","8.9K","8.9K","369",[object Object],[object Object],136,[object Object]
70,4199820,4179350.0000000005,3811088,3210847,3194378,3111789,2739014,"Bosnia and Herzegovina",51209,51200,"BA","BIH",true,-0.0004,-0.0051,0.0004,62.3902,161.5906,137,[object Object],[object Object],[object Object],"3,210,847","51.2K","51.2K","62",[object Object],[object Object],137,[object Object]
270,718586,1437539,1937275,2773168,2841803,3263651,4673743,"Gambia",10689,10120,"GM","GMB",true,0.0022,0.0247,0.0004,280.8106,727.2994,138,[object Object],[object Object],[object Object],"2,773,168","10.7K","10.1K","281",[object Object],[object Object],138,[object Object]
8,2941651,3182021,2913399,2832439,2826020,2789599,2456472,"Albania",28748,27400,"AL","ALB",true,-0.0001,-0.0023,0.0004,103.1394,267.1311,139,[object Object],[object Object],[object Object],"2,832,439","28.7K","27.4K","103",[object Object],[object Object],139,[object Object]
388,2135546,2612205,2733896,2825544,2824738,2804356,2493823,"Jamaica",10991,10830,"JM","JAM",true,0,-0.0003,0.0004,260.8253,675.5375,140,[object Object],[object Object],[object Object],"2,825,544","11K","10.8K","261",[object Object],[object Object],140,[object Object]
51,3135123,3168523,2946293,2777970,2777979,2759528,2573465,"Armenia",29743,28470,"AM","ARM",true,0,0,0.0003,97.5757,252.721,141,[object Object],[object Object],[object Object],"2,777,970","29.7K","28.5K","98",[object Object],[object Object],141,[object Object]
634,277450,645937,1713504,2716391,2737061,2855291,3358454,"Qatar",11586,11490,"QA","QAT",true,0.0006,0.0076,0.0003,238.2124,616.9702,142,[object Object],[object Object],[object Object],"2,716,391","11.6K","11.5K","238",[object Object],[object Object],142,[object Object]
72,938578,1726985,2091664.0000000002,2675352,2719694,2972271,3679340,"Botswana",582000,566730,"BW","BWA",true,0.0014,0.0166,0.0003,4.7989,12.4292,143,[object Object],[object Object],[object Object],"2,675,352","582K","566.7K","5",[object Object],[object Object],143,[object Object]
440,3521206,3599637,3139019,2718352,2692798,2558928,2187550,"Lithuania",65300,62620,"LT","LTU",true,-0.0008,-0.0094,0.0003,43.0022,111.3757,144,[object Object],[object Object],[object Object],"2,718,352","65.3K","62.6K","43",[object Object],[object Object],144,[object Object]
516,975994,1819141,2099271,2604172,2645805,2910056,3779918,"Namibia",825615,823290,"NA","NAM",true,0.0014,0.016,0.0003,3.2137,8.3235,145,[object Object],[object Object],[object Object],"2,604,172","825.6K","823.3K","3",[object Object],[object Object],145,[object Object]
266,749078,1272935,1711105,2436566,2484557,2774523,3757053,"Gabon",267668,257670,"GA","GAB",true,0.0015,0.0197,0.0003,9.6424,24.9738,146,[object Object],[object Object],[object Object],"2,436,566","267.7K","257.7K","10",[object Object],[object Object],146,[object Object]
426,1407672,1998630,2022747,2330318,2356083,2501946,2898369,"Lesotho",30355,30360,"LS","LSO",true,0.0008,0.0111,0.0003,77.6048,200.9965,147,[object Object],[object Object],[object Object],"2,330,318","30.4K","30.4K","78",[object Object],[object Object],147,[object Object]
624,831462,1230849,1567220,2150842,2197149,2484863,3445289,"Guinea-Bissau",36125,28120,"GW","GNB",true,0.0015,0.0215,0.0003,78.1347,202.369,148,[object Object],[object Object],[object Object],"2,150,842","36.1K","28.1K","78",[object Object],[object Object],148,[object Object]
705,1901570,1984339,2057286.9999999998,2119675,2118965,2105945,2003258,"Slovenia",20273,20136.4,"SI","SVN",true,0,-0.0003,0.0003,105.2306,272.5472,149,[object Object],[object Object],[object Object],"2,119,675","20.3K","20.1K","105",[object Object],[object Object],149,[object Object]
807,1907023,2037936,2093828,2085679,2082706.0000000002,2072255.9999999998,1909309,"North Macedonia",25713,25220,"MK","MKD",true,,-0.0014,0.0003,82.5815,213.8861,150,[object Object],[object Object],[object Object],"2,085,679","25.7K","25.2K","83",[object Object],[object Object],150,[object Object]
428,2572037,2392530,2101530,1830211,1810240,1701338,1433728,"Latvia",64559,62230,"LV","LVA",true,-0.0006,-0.0109,0.0002,29.0895,75.3418,151,[object Object],[object Object],[object Object],"1,830,211","64.6K","62.2K","29",[object Object],[object Object],151,[object Object]
226,282509,684977,1094524,1714671,1754993,1999678,2790533,"Equatorial Guinea",28051,28050,"GQ","GNQ",true,0.0013,0.0235,0.0002,62.5666,162.0475,152,[object Object],[object Object],[object Object],"1,714,671","28.1K","28.1K","63",[object Object],[object Object],152,[object Object]
780,1127852,1332203,1410296,1534937,1538200,1547690,1485139,"Trinidad and Tobago",5130,5130,"TT","TTO",true,0.0001,0.0021,0.0002,299.8441,776.5961,153,[object Object],[object Object],[object Object],"1,534,937","5.1K","5.1K","300",[object Object],[object Object],153,[object Object]
48,362595,711442,1213645,1485509,1498712,1574679,1809237,"Bahrain",765,785,"BH","BHR",true,0.0004,0.0089,0.0002,1909.1873,4944.795,154,[object Object],[object Object],[object Object],"1,485,509","765","785","1,909",[object Object],[object Object],154,[object Object]
626,642224,878360,1088486,1360596,1379883,1495081,1806869,"Timor-Leste",14874,14870,"TL","TLS",true,0.0006,0.0142,0.0002,92.7964,240.3428,155,[object Object],[object Object],[object Object],"1,360,596","14.9K","14.9K","93",[object Object],[object Object],155,[object Object]
233,1476983,1396877,1331535,1322765,1319041,1289441,1171695,"Estonia",45227,42750,"EE","EST",true,-0.0001,-0.0028,0.0002,30.8548,79.9138,156,[object Object],[object Object],[object Object],"1,322,765","45.2K","42.8K","31",[object Object],[object Object],156,[object Object]
480,954865,1215930,1283330,1300557,1301978,1305425,1226235,"Mauritius",2040,2030,"MU","MUS",true,0,0.0011,0.0002,641.3685,1661.1443,157,[object Object],[object Object],[object Object],"1,300,557","2K","2K","641",[object Object],[object Object],157,[object Object]
196,679327,948237,1129686,1260138,1268467,1311784,1391785,"Cyprus",9251,9240,"CY","CYP",true,0.0003,0.0066,0.0002,137.28,355.5551,158,[object Object],[object Object],[object Object],"1,260,138","9.3K","9.2K","137",[object Object],[object Object],158,[object Object]
748,598564,1030496.0000000001,1099920,1210822,1222075,1305985,1655121,"Eswatini",17364,17200,"SZ","SWZ",true,0.0004,0.0093,0.0002,71.0509,184.0218,159,[object Object],[object Object],[object Object],"1,210,822","17.4K","17.2K","71",[object Object],[object Object],159,[object Object]
262,324121,742033,919199,1136455,1152329,1247129,1502575,"Djibouti",23200,23180,"DJ","DJI",true,0.0005,0.014,0.0001,49.7122,128.7546,160,[object Object],[object Object],[object Object],"1,136,455","23.2K","23.2K","50",[object Object],[object Object],160,[object Object]
638,551674,785424,890130,981796,989350,1031821.9999999999,1127252,"Reunion",2511,2512,"RE","REU",false,0.0002,0.0077,0.0001,393.8495,1020.0703,161,[object Object],[object Object],[object Object],"981,796","2.5K","2.5K","394",[object Object],[object Object],161,[object Object]
242,644582,832509,905169,936375,943072,986172,1094174,"Fiji",18272,18270,"FJ","FJI",true,0.0002,0.0072,0.0001,51.6186,133.6922,162,[object Object],[object Object],[object Object],"936,375","18.3K","18.3K","52",[object Object],[object Object],162,[object Object]
174,328328,536758,656024,852075,867605,959412,1246207,"Comoros",1862,1861,"KM","COM",true,0.0005,0.0182,0.0001,466.2037,1207.4675,163,[object Object],[object Object],[object Object],"852,075","1.9K","1.9K","466",[object Object],[object Object],163,[object Object]
328,778176,759051,747932,813834,819594,848033,878746,"Guyana",214969,196850,"GY","GUY",true,0.0002,0.0071,0.0001,4.1635,10.7836,164,[object Object],[object Object],[object Object],"813,834","215K","196.8K","4",[object Object],[object Object],164,[object Object]
64,415257,587207,705516,787424,792382,821498,874294,"Bhutan",38394,38140,"BT","BTN",true,0.0002,0.0063,0.0001,20.7756,53.8088,165,[object Object],[object Object],[object Object],"787,424","38.4K","38.1K","21",[object Object],[object Object],165,[object Object]
90,233668,429978,540394,740424,756673,856264,1225407,"Solomon Islands",28896,27990,"SB","SLB",true,0.0005,0.0219,0.0001,27.0337,70.0173,166,[object Object],[object Object],[object Object],"740,424","28.9K","28K","27",[object Object],[object Object],166,[object Object]
446,245332,431896,557297,704149,713082,763371,881666,"Macau",32.9,32.9,"MO","MAC",false,0.0003,0.0127,0.0001,21674.2249,56136.2426,167,[object Object],[object Object],[object Object],"704,149","33","33","21,674",[object Object],[object Object],167,[object Object]
442,363741,435628,507070,654768,661594,697086,781910,"Luxembourg",2586,2574.5,"LU","LUX",true,0.0002,0.0104,0.0001,256.9796,665.5772,168,[object Object],[object Object],[object Object],"654,768","2.6K","2.6K","257",[object Object],[object Object],168,[object Object]
740,375112,478998,546080,623236,628785,659508,725519,"Suriname",163820,156000,"SR","SUR",true,0.0002,0.0089,0.0001,4.0307,10.4394,169,[object Object],[object Object],[object Object],"623,236","163.8K","156K","4",[object Object],[object Object],169,[object Object]
499,589324,633324,631044,626485,626102,621696,586385,"Montenegro",13812,13450,"ME","MNE",true,0,-0.0006,0.0001,46.5503,120.5654,170,[object Object],[object Object],[object Object],"626,485","13.8K","13.4K","47",[object Object],[object Object],170,[object Object]
132,317234,458251,521212,598682,604461,638840,727457,"Cape Verde",4033,4033,"CV","CPV",true,0.0002,0.0097,0.0001,149.8788,388.186,171,[object Object],[object Object],[object Object],"598,682","4K","4K","150",[object Object],[object Object],171,[object Object]
732,116775,270375,413296,587259,598385,662726,851067,"Western Sahara",266000,266000,"EH","ESH",false,0.0004,0.0189,0.0001,2.2496,5.8264,172,[object Object],[object Object],[object Object],"587,259","266K","266K","2",[object Object],[object Object],172,[object Object]
470,333587,399212,418755,535064,536740,543425,522736.99999999994,"Malta",316,320,"MT","MLT",true,0.0001,0.0031,0.0001,1677.3125,4344.2394,173,[object Object],[object Object],[object Object],"535,064","316","320","1,677",[object Object],[object Object],173,[object Object]
462,164887,282507,361575,521020.99999999994,517886.99999999994,512683,569909,"Maldives",300,300,"MV","MDV",true,-0.0001,-0.006,0.0001,1726.29,4471.0911,174,[object Object],[object Object],[object Object],"521,021","300","300","1,726",[object Object],[object Object],174,[object Object]
96,187921,333926,396053,452524,455858,473312,498373,"Brunei",5765,5270,"BN","BRN",true,0.0001,0.0074,0.0001,86.5006,224.0365,175,[object Object],[object Object],[object Object],"452,524","5.8K","5.3K","87",[object Object],[object Object],175,[object Object]
84,145133,240406,322106,410825,416656,450428,538838,"Belize",22966,22810,"BZ","BLZ",true,0.0002,0.0142,0.0001,18.2664,47.3099,176,[object Object],[object Object],[object Object],"410,825","23K","22.8K","18",[object Object],[object Object],176,[object Object]
44,223752,325014,373272,412623,415223,429846,450625,"Bahamas",13943,10010,"BS","BHS",true,0.0001,0.0063,0.0001,41.4808,107.4353,177,[object Object],[object Object],[object Object],"412,623","13.9K","10K","41",[object Object],[object Object],177,[object Object]
312,334234,424067,403072,395839,396346,399728,388861,"Guadeloupe",1628,1628,"GP","GLP",false,0,0.0013,0,243.4558,630.5505,178,[object Object],[object Object],[object Object],"395,839","1.6K","1.6K","243",[object Object],[object Object],178,[object Object]
352,228263,281462,318333,375318,377689,390338,408783,"Iceland",103000,100830,"IS","ISL",true,0.0001,0.0063,0,3.7458,9.7016,179,[object Object],[object Object],[object Object],"375,318","103K","100.8K","4",[object Object],[object Object],179,[object Object]
474,333786,432543,392181,366981,366416,362472,330121,"Martinique",1128,1128,"MQ","MTQ",false,0,-0.0015,0,324.8369,841.3275,180,[object Object],[object Object],[object Object],"366,981","1.1K","1.1K","325",[object Object],[object Object],180,[object Object]
175,52233,159215,211786,335995,345996,407579,664141,"Mayotte",374,374,"YT","MYT",false,0.0003,0.0298,0,925.123,2396.0686,181,[object Object],[object Object],[object Object],"335,995","374","374","925",[object Object],[object Object],181,[object Object]
548,118156,192074,245453,334506,342325,391135,578567,"Vanuatu",12189,12190,"VU","VUT",true,0.0002,0.0234,0,28.0824,72.7335,182,[object Object],[object Object],[object Object],"334,506","12.2K","12.2K","28",[object Object],[object Object],182,[object Object]
254,66825,164351,228453,312155,319796,366669,532459,"French Guiana",83534,83534,"GF","GUF",false,0.0002,0.0245,0,3.8283,9.9154,183,[object Object],[object Object],[object Object],"312,155","83.5K","83.5K","4",[object Object],[object Object],183,[object Object]
258,163591,250927,283788,308872,311383,324860,346933,"French Polynesia",4167,3471,"PF","PYF",false,0.0001,0.0081,0,89.7099,232.3486,184,[object Object],[object Object],[object Object],"308,872","4.2K","3.5K","90",[object Object],[object Object],184,[object Object]
540,148599,221537,261426,292991,295966,312529,353191,"New Caledonia",18575,18280,"NC","NCL",false,0.0001,0.0102,0,16.1907,41.9339,185,[object Object],[object Object],[object Object],"292,991","18.6K","18.3K","16",[object Object],[object Object],185,[object Object]
52,253575,264657,274711,281995,282309,283082,267788,"Barbados",430,430,"BB","BRB",true,0,0.0011,0,656.5326,1700.4193,186,[object Object],[object Object],[object Object],"281,995","430","430","657",[object Object],[object Object],186,[object Object]
678,97210,143714,182138,231856,236381,265036,366663,"Sao Tome and Principe",964,960,"ST","STP",true,0.0001,0.0195,0,246.2302,637.7362,187,[object Object],[object Object],[object Object],"231,856","964","960","246",[object Object],[object Object],187,[object Object]
882,164905,184008,194672,225681,228966,248627,320016,"Samoa",2842,2780,"WS","WSM",true,0.0001,0.0146,0,82.3619,213.3172,188,[object Object],[object Object],[object Object],"225,681","2.8K","2.8K","82",[object Object],[object Object],188,[object Object]
531,156851,141424,159380,192077,192965,197829,204084,"Curacao",444,444,"CW","CUW",false,0,0.0046,0,434.6059,1125.6292,189,[object Object],[object Object],[object Object],"192,077","444","444","435",[object Object],[object Object],189,[object Object]
662,121633,159500,170935,180251,180805,183274,177856,"Saint Lucia",616,610,"LC","LCA",true,0,0.0031,0,296.4016,767.6802,190,[object Object],[object Object],[object Object],"180,251","616","610","296",[object Object],[object Object],190,[object Object]
316,110286,160188,164905,172952,174114,180746,195673,"Guam",549,540,"GU","GUM",false,0,0.0067,0,322.4333,835.1023,191,[object Object],[object Object],[object Object],"172,952","549","540","322",[object Object],[object Object],191,[object Object]
296,60813,88826,107995,133515,135763,148720,188570,"Kiribati",811,810,"KI","KIR",true,0.0001,0.0168,0,167.6086,434.1064,192,[object Object],[object Object],[object Object],"133,515","811","810","168",[object Object],[object Object],192,[object Object]
308,94838,107432,114039,126183,126887,130366.99999999999,136253,"Grenada",344,340,"GD","GRD",true,0,0.0056,0,373.1971,966.5804,193,[object Object],[object Object],[object Object],"126,183","344","340","373",[object Object],[object Object],193,[object Object]
583,76299,111709,107588,115224,116300,122704,135457,"Micronesia",702,700,"FM","FSM",true,0,0.0093,0,166.1429,430.31,194,[object Object],[object Object],[object Object],"115,224","702","700","166",[object Object],[object Object],194,[object Object]
832,75124,86192,96151,111802,112843,119047,135441,"Jersey",116,120,"JE","JEY",false,0,0.0093,0,940.3583,2435.5281,195,[object Object],[object Object],[object Object],"111,802","116","120","940",[object Object],[object Object],195,[object Object]
776,96708,102603,107383,107773,108683,114124,131225,"Tonga",747,720,"TO","TON",true,0,0.0084,0,150.9486,390.9569,196,[object Object],[object Object],[object Object],"107,773","747","720","151",[object Object],[object Object],196,[object Object]
690,65290.00000000001,80060,92409,107660,108263,111317,116644,"Seychelles",452,460,"SC","SYC",true,0,0.0056,0,235.3543,609.5678,197,[object Object],[object Object],[object Object],"107,660","452","460","235",[object Object],[object Object],197,[object Object]
533,62267,89101,100341,106277,106177,104924,94185,"Aruba",180,180,"AW","ABW",false,0,-0.0009,0,589.8722,1527.7691,198,[object Object],[object Object],[object Object],"106,277","180","180","590",[object Object],[object Object],198,[object Object]
670,107480,113813,109308,103698,103683,104322,101691,"Saint Vincent and the Grenadines",389,390,"VC","VCT",true,0,-0.0001,0,265.8538,688.5615,199,[object Object],[object Object],[object Object],"103,698","389","390","266",[object Object],[object Object],199,[object Object]
850,96640,108185,106142,98750,98055,93419,77519,"United States Virgin Islands",347,347,"VI","VIR",false,0,-0.007,0,282.5793,731.8803,200,[object Object],[object Object],[object Object],"98,750","347","347","283",[object Object],[object Object],200,[object Object]
28,64888.99999999999,75055,85695,94298,94816,97510,99030,"Antigua and Barbuda",442,440,"AG","ATG",true,0,0.0055,0,215.4909,558.1215,201,[object Object],[object Object],[object Object],"94,298","442","440","215",[object Object],[object Object],201,[object Object]
833,64022.00000000001,75562,83828,84710,84904,85798,86680,"Isle of Man",572,570,"IM","IMN",false,0,0.0023,0,148.9544,385.7919,202,[object Object],[object Object],[object Object],"84,710","572","570","149",[object Object],[object Object],202,[object Object]
20,35611,66097,71519,80088,80341,81528,80504,"Andorra",468,470,"AD","AND",true,0,0.0032,0,170.9383,442.7302,203,[object Object],[object Object],[object Object],"80,088","468","470","171",[object Object],[object Object],203,[object Object]
212,72978,68346,68755,73040,73368,74988,74167,"Dominica",751,750,"DM","DMA",true,0,0.0045,0,97.824,253.3642,204,[object Object],[object Object],[object Object],"73,040","751","750","98",[object Object],[object Object],204,[object Object]
136,17100,39658,54074,69310,69885,72865,77633,"Cayman Islands",264,240,"KY","CYM",false,0,0.0083,0,291.1875,754.1756,205,[object Object],[object Object],[object Object],"69,310","264","240","291",[object Object],[object Object],205,[object Object]
60,53565,61371,63447,64069,63935,62806,56041,"Bermuda",54,54,"BM","BMU",false,0,-0.0021,0,1183.9815,3066.512,206,[object Object],[object Object],[object Object],"64,069","54","54","1,184",[object Object],[object Object],206,[object Object]
831,52860,59114,60782,63544,63788,65141.00000000001,66496,"Guernsey",78,63,"GG","GGY",false,0,0.0038,0,1012.5079,2622.3956,207,[object Object],[object Object],[object Object],"63,544","78","63","1,013",[object Object],[object Object],207,[object Object]
304,50106,56184,56351,56643,56789,57152,53997,"Greenland",2166086,410450,"GL","GRL",false,0,0.0026,0,0.1384,0.3583,208,[object Object],[object Object],[object Object],"56,643","2.2M","410.4K","0.14",[object Object],[object Object],208,[object Object]
234,43054,45660,48410,53270,53444,54583,59444,"Faroe Islands",1393,1366,"FO","FRO",false,0,0.0033,0,39.1245,101.3323,209,[object Object],[object Object],[object Object],"53,270","1.4K","1.4K","39",[object Object],[object Object],209,[object Object]
580,17613,80338,54087,49796,50025,51178,50050,"Northern Mariana Islands",464,460,"MP","MNP",false,0,0.0046,0,108.75,281.6625,210,[object Object],[object Object],[object Object],"49,796","464","460","109",[object Object],[object Object],210,[object Object]
659,43097,45461,47403,47755,47847,48247,46882,"Saint Kitts and Nevis",261,260,"KN","KNA",true,0,0.0019,0,184.0269,476.6297,211,[object Object],[object Object],[object Object],"47,755","261","260","184",[object Object],[object Object],211,[object Object]
796,7598,18744,29726,46062,46431,48538,52865,"Turks and Caicos Islands",948,948,"TC","TCA",false,0,0.008,0,48.9778,126.8526,212,[object Object],[object Object],[object Object],"46,062","948","948","49",[object Object],[object Object],212,[object Object]
534,12243,30489,33034,44222,44309,44946,38947,"Sint Maarten",34,34,"SX","SXM",false,0,0.002,0,1303.2059,3375.3032,213,[object Object],[object Object],[object Object],"44,222","34","34","1,303",[object Object],[object Object],213,[object Object]
16,32886,58230,54849,43914,43544,41142,33557,"American Samoa",199,200,"AS","ASM",false,0,-0.0084,0,217.72,563.8948,214,[object Object],[object Object],[object Object],"43,914","199","200","218",[object Object],[object Object],214,[object Object]
584,31988,54224,53416,41996,42415,44733,51211,"Marshall Islands",181,180,"MH","MHL",true,0,0.01,0,235.6389,610.3047,215,[object Object],[object Object],[object Object],"41,996","181","180","236",[object Object],[object Object],215,[object Object]
438,25003,33026,35926,39584,39822,41030,42287,"Liechtenstein",160,160,"LI","LIE",true,0,0.006,0,248.8875,644.6186,216,[object Object],[object Object],[object Object],"39,584","160","160","249",[object Object],[object Object],216,[object Object]
492,27076,32465.000000000004,33178,36297,36157,35862,37664,"Monaco",2.02,2,"MC","MCO",true,0,-0.0039,0,18078.5,46823.315,217,[object Object],[object Object],[object Object],"36,297","2","2","18,079",[object Object],[object Object],217,[object Object]
674,21346,26823,31608,33642,33614,33458,32043.999999999996,"San Marino",61,60,"SM","SMR",true,,-0.0008,0,560.2333,1451.0043,218,[object Object],[object Object],[object Object],"33,642","61","60","560",[object Object],[object Object],218,[object Object]
292,28734,27741,31262,32688.000000000004,32718.000000000004,32771,31356,"Gibraltar",6.8,6.8,"GI","GIB",false,,0.0009,0,4811.4706,12461.7088,219,[object Object],[object Object],[object Object],"32,688","7","7","4,811",[object Object],[object Object],219,[object Object]
663,7776,29610,36458,32077,32337.000000000004,33508,35453,"Saint Martin",53,50,"MF","MAF",false,0,0.0081,0,646.74,1675.0566,220,[object Object],[object Object],[object Object],"32,077","53","50","647",[object Object],[object Object],220,[object Object]
92,11109,20104,27556,31538,31763,32995,34768,"British Virgin Islands",151,150,"VG","VGB",false,0,0.0071,0,211.7533,548.4411,221,[object Object],[object Object],[object Object],"31,538","151","150","212",[object Object],[object Object],221,[object Object]
585,12252,19726,18540,18058,18051,17919,16689,"Palau",459,460,"PW","PLW",true,,-0.0004,0,39.2413,101.635,222,[object Object],[object Object],[object Object],"18,058","459","460","39",[object Object],[object Object],222,[object Object]
184,17651,15897,17212,17044,17072,17253,17674,"Cook Islands",240,240,"CK","COK",false,0,0.0016,0,71.1333,184.2353,223,[object Object],[object Object],[object Object],"17,044","240","240","71",[object Object],[object Object],223,[object Object]
660,6560,11047,13172,15899,15936,16055,15294,"Anguilla",91,91,"AI","AIA",false,0,0.0023,0,175.1209,453.5631,224,[object Object],[object Object],[object Object],"15,899","91","91","175",[object Object],[object Object],224,[object Object]
520,7635,10377,10241,12780,12884,13358,14695,"Nauru",21,20,"NR","NRU",true,0,0.0081,0,644.2,1668.478,225,[object Object],[object Object],[object Object],"12,780","21","20","644",[object Object],[object Object],225,[object Object]
798,7731,9638,10550,11396,11478,11917,13211,"Tuvalu",26,30,"TV","TUV",true,0,0.0072,0,382.6,990.934,226,[object Object],[object Object],[object Object],"11,396","26","30","383",[object Object],[object Object],226,[object Object]
876,11315,14723,13142,11502,11439,11229,11349,"Wallis and Futuna",274,274,"WF","WLF",false,0,-0.0055,0,41.7482,108.1278,227,[object Object],[object Object],[object Object],"11,502","274","274","42",[object Object],[object Object],227,[object Object]
652,2983,7082,8988,10994,11019,11113,10210,"Saint Barthelemy",21,25,"BL","BLM",false,,0.0023,0,440.76,1141.5684,228,[object Object],[object Object],[object Object],"10,994","21","25","441",[object Object],[object Object],228,[object Object]
666,6106,6274,6052,5840,5815,5651,5165,"Saint Pierre and Miquelon",242,242,"PM","SPM",false,,-0.0043,,24.0289,62.2349,229,[object Object],[object Object],[object Object],"5,840","242","242","24",[object Object],[object Object],229,[object Object]
500,11452,5138,4938,4386,4372,4301,3781,"Montserrat",102,102,"MS","MSR",false,,-0.0032,,42.8627,111.0145,230,[object Object],[object Object],[object Object],"4,386","102","102","43",[object Object],[object Object],230,[object Object]
238,2240,3080,3187,3791,3803,3869,3779,"Falkland Islands",12173,12173,"FK","FLK",false,,0.0032,,0.3124,0.8091,231,[object Object],[object Object],[object Object],"3,791","12.2K","12.2K","0.31",[object Object],[object Object],231,[object Object]
570,3637,2074,1812,1935,1935,1948,2096,"Niue",261,261,"NU","NIU",false,0,0,,7.4138,19.2017,232,[object Object],[object Object],[object Object],"1,935","261","261","7",[object Object],[object Object],232,[object Object]
772,1647,1666,1367,1893,1915,2045.9999999999998,2430,"Tokelau",12,10,"TK","TKL",false,,0.0116,,191.5,495.985,233,[object Object],[object Object],[object Object],"1,893","12","10","192",[object Object],[object Object],233,[object Object]
336,733,651,596,764,764,764,764,"Vatican City",0.44,0.44,"VA","VAT",true,,0,,1736.3636,4497.1818,234,[object Object],[object Object],[object Object],"764","< 1","< 1","1,736",[object Object],[object Object],234,[object Object]